Ccy1,Ccy2,Spotdays,WeekendDays,Precision,LastUpdatedTime
EUR,XCD,9/13/2021,Monday,9.166027303,21-03-15
GHS,RSD,12/7/2021,Wednesday,5.920594691,21-06-14
SGD,AUD,4/17/2020,Saturday,1.235047595,21-03-31
,USD,9/20/2021,Monday,10.99510539,21-10-02
RSD,MDL,9/7/2021,Thursday,5.252371939,21-03-02
EUR,XAF,11/21/2020,Monday,6.436720559,21-01-22
EUR,USD,8/17/2020,Monday,2.309717028,21-08-14
,FKP,4/27/2020,Thursday,8.506457921,21-07-23
USD,ETB,2/23/2021,Wednesday,4.119864883,20-10-23
ILS,,8/31/2020,Friday,1.874416269,20-12-30
XOF,NOK,5/7/2020,Wednesday,1.8415338,21-08-08
,,7/14/2020,Tuesday,10.54273332,21-08-31
EUR,EUR,2/22/2020,Monday,2.410157696,21-11-11
USD,CLP,10/16/2021,Thursday,3.472906693,21-01-13
EUR,CNY,11/1/2021,Tuesday,7.825145628,21-11-16
GBP,AMD,3/23/2021,Friday,1.348358461,21-04-18
NZD,BND,9/27/2020,Friday,3.263455045,20-06-08
USD,AUD,9/28/2020,Sunday,1.947649109,20-04-20
SHP,SHP,11/6/2021,Tuesday,8.554402881,21-07-27
LBP,AMD,10/17/2021,Tuesday,10.82131773,21-11-01
SLL,UYU,6/6/2021,Monday,1.968367549,20-09-12
NOK,XAF,12/30/2021,Sunday,10.86828907,20-11-09
EUR,,3/30/2021,Friday,3.651652558,21-03-01
ZAR,NIO,9/19/2021,Sunday,2.578160562,21-05-12
EUR,AOA,12/8/2020,Saturday,2.048703097,21-11-02
KHR,PGK,8/23/2020,Friday,8.487075624,21-05-03
VUV,KPW,9/3/2021,Saturday,8.878633884,20-03-30
EUR,XCD,1/13/2020,Thursday,8.132864184,21-05-24
AOA,USD,2/15/2020,Thursday,7.05667844,20-11-04
ZAR,YER,2/13/2020,Monday,5.652293168,20-07-05
TOP,EUR,4/14/2021,Tuesday,2.159995593,20-03-08
GIP,EUR,2/4/2020,Monday,7.505270737,21-01-26
EUR,EUR,8/14/2021,Wednesday,7.795391933,20-12-10
ZAR,NAD,4/20/2021,Thursday,7.384811011,21-09-22
CLP,LYD,10/19/2020,Thursday,1.598695012,20-02-07
SHP,TMT,3/27/2021,Thursday,6.298317329,21-04-04
DJF,HTG,5/11/2021,Wednesday,4.039007712,20-09-17
XPF,HRK,1/7/2021,Saturday,4.947209032,20-03-04
PKR,XOF,5/30/2021,Sunday,6.686905148,20-02-09
MUR,EUR,8/19/2020,Sunday,1.920163022,21-11-07
YER,GEL,1/25/2021,Sunday,3.084018353,21-08-14
LRD,KWD,6/3/2021,Sunday,4.809888559,21-09-27
BND,VUV,9/14/2021,Thursday,4.558675179,20-04-30
PYG,TND,8/31/2021,Saturday,10.11478666,20-11-26
KRW,WST,3/26/2020,Tuesday,1.54954562,21-07-09
GBP,MYR,7/12/2021,Thursday,4.356283919,21-04-13
OMR,JOD,9/24/2020,Wednesday,10.98969575,21-12-16
JMD,KYD,8/14/2021,Friday,10.30917853,21-02-20
RSD,AZN,7/9/2021,Friday,1.76392775,20-02-11
SHP,EUR,4/29/2020,Friday,9.373493171,20-12-09
ERN,USD,7/12/2020,Wednesday,8.490722489,20-04-24
GBP,HTG,5/23/2021,Wednesday,2.62770621,20-05-03
,SGD,12/19/2020,Monday,4.928069029,21-12-18
GTQ,AZN,6/16/2021,Tuesday,6.15945953,20-04-10
XCD,BND,11/3/2020,Sunday,9.041889061,20-03-02
PKR,EUR,12/2/2021,Saturday,2.591984997,21-01-20
EUR,,2/3/2020,Sunday,7.478297583,21-12-13
XCD,EUR,11/6/2020,Saturday,2.826239034,20-09-30
USD,EUR,5/14/2020,Sunday,1.158595815,21-09-28
XCD,EUR,4/9/2020,Sunday,7.357794244,20-09-28
PGK,SLL,4/3/2020,Thursday,5.381527631,20-12-12
EUR,EUR,5/10/2020,Saturday,7.244904631,21-12-21
EUR,AWG,5/26/2020,Sunday,1.336645694,20-09-16
IDR,,3/23/2021,Thursday,2.449081938,21-07-17
XAF,USD,7/17/2020,Wednesday,3.995838579,21-04-07
EUR,XCD,7/15/2021,Tuesday,9.119669471,20-10-07
EUR,JOD,3/25/2021,Thursday,1.478132007,21-06-22
BBD,,10/13/2020,Saturday,10.90876617,21-04-05
SGD,DZD,1/14/2020,Tuesday,3.343887551,21-06-01
AUD,LYD,7/4/2020,Tuesday,6.091756168,20-02-18
ILS,COP,8/16/2021,Friday,4.169277053,20-12-02
TOP,USD,9/17/2020,Friday,6.556389216,20-02-11
XAF,USD,6/14/2020,Friday,4.654291195,21-07-13
ZMW,USD,10/1/2020,Saturday,1.594904812,21-07-04
,XCD,2/6/2021,Wednesday,4.205130905,21-07-30
EUR,USD,9/10/2021,Monday,9.279544271,21-09-02
BAM,CLP,11/7/2020,Monday,3.571629371,20-06-20
,BWP,11/29/2021,Thursday,1.893687401,20-09-07
TZS,EUR,10/14/2020,Friday,9.715975791,20-01-29
ANG,GBP,1/3/2020,Sunday,6.655658817,20-08-22
OMR,STD,9/19/2020,Monday,5.551569369,20-03-24
SLL,GHS,6/15/2020,Monday,2.799072409,20-08-14
,PAB,4/24/2020,Monday,6.06959863,21-04-14
GBP,LRD,9/28/2020,Wednesday,4.338404228,20-03-09
NAD,BMD,3/4/2020,Sunday,2.51403527,21-09-06
EUR,XOF,3/8/2021,Saturday,8.999065277,20-08-09
JOD,MRO,8/3/2021,Friday,7.98593697,20-07-03
JMD,EUR,8/24/2020,Saturday,9.718560368,21-03-07
none,GBP,1/17/2021,Sunday,2.75118286,21-06-15
BND,USD,7/22/2020,Monday,6.301291874,20-11-26
MGA,LYD,11/6/2020,Sunday,5.12542577,20-06-25
USD,EUR,10/2/2020,Friday,4.604711229,20-03-27
TND,none,8/16/2021,Sunday,9.614361277,20-02-20
SHP,GHS,10/4/2020,Friday,1.776019969,20-09-21
CVE,,6/12/2020,Friday,9.264607348,20-08-25
HNL,TRY,1/4/2020,Wednesday,10.37730136,20-06-04
MWK,CZK,7/10/2021,Tuesday,9.728732423,21-05-15
,SRD,9/14/2020,Thursday,8.678904823,20-11-30
NIO,YER,3/18/2020,Tuesday,8.65025678,21-04-27
XCD,HRK,11/14/2020,Monday,9.443985604,21-06-26
DJF,KGS,12/19/2020,Monday,3.752839357,20-10-16
SSP,EUR,9/29/2020,Friday,6.000568708,21-07-20
,NPR,3/21/2021,Monday,2.412672925,21-03-04
XOF,GBP,7/3/2021,Friday,6.318123746,20-12-16
USD,,11/20/2020,Friday,4.563991646,20-09-30
COP,NGN,12/15/2020,Thursday,8.801641386,21-04-10
JPY,GBP,12/2/2020,Tuesday,4.139998075,20-05-09
JMD,BWP,9/19/2020,Monday,4.728496084,20-05-18
EUR,MGA,8/26/2021,Wednesday,10.13544741,20-02-01
EUR,EUR,12/13/2021,Tuesday,2.953364125,21-06-13
TJS,EUR,10/10/2021,Saturday,9.267468382,21-03-24
,XAF,11/15/2021,Saturday,9.256083959,20-04-10
SHP,GBP,12/7/2021,Thursday,2.981300603,21-11-24
USD,ILS,3/13/2021,Saturday,4.747190068,20-05-22
OMR,QAR,5/13/2020,Saturday,3.821491223,21-11-25
LRD,OMR,5/3/2021,Tuesday,9.15377736,21-03-26
BSD,XCD,5/3/2021,Friday,10.64785165,21-11-05
KYD,BHD,7/25/2021,Friday,1.178145229,21-04-28
SDG,KYD,10/27/2020,Saturday,6.736433127,21-10-14
KYD,RUB,12/1/2020,Wednesday,1.649641608,21-09-19
MOP,USD,12/8/2021,Saturday,8.495081057,20-08-15
YER,THB,3/7/2021,Wednesday,6.286273367,21-06-21
SDG,THB,7/25/2021,Friday,4.239973,20-03-07
SLL,BND,10/4/2021,Saturday,8.127998195,20-06-07
GBP,,6/22/2020,Saturday,2.783067093,21-03-05
,LSL,4/18/2020,Wednesday,10.54721648,21-11-26
SHP,NAD,1/9/2021,Wednesday,2.115754746,20-02-09
USD,TND,6/14/2020,Thursday,6.881984239,20-02-02
RUB,CHF,3/4/2020,Saturday,4.81850885,21-06-14
CZK,CLP,11/8/2020,Wednesday,4.535641095,20-09-13
CAD,EGP,6/11/2021,Saturday,8.681465664,21-01-19
LAK,NOK,4/24/2021,Friday,10.32777233,21-12-21
USD,XAF,1/24/2020,Sunday,3.949614199,21-03-21
,EUR,2/20/2021,Friday,10.3712135,20-06-25
KRW,SBD,3/3/2020,Tuesday,4.767613387,21-07-25
AWG,BAM,12/3/2020,Friday,10.61966912,20-07-13
EUR,WST,6/14/2021,Thursday,2.548736298,20-04-23
XCD,NPR,5/1/2020,Saturday,1.258721386,21-04-21
USD,EUR,7/22/2021,Sunday,5.511262503,21-01-12
EUR,,10/9/2020,Friday,1.642795235,20-05-18
GNF,CHF,10/18/2021,Monday,5.970769535,20-10-02
AMD,KYD,9/1/2020,Monday,7.656069486,21-04-17
,EUR,1/18/2020,Sunday,4.076463538,21-05-12
GMD,SHP,9/20/2021,Thursday,3.122112958,21-11-28
UGX,AWG,1/2/2021,Monday,4.986947352,20-04-06
FKP,ZAR,10/24/2021,Friday,4.493329801,21-08-24
NIO,KGS,7/1/2021,Monday,3.896247934,20-03-15
YER,BAM,11/3/2021,Friday,1.996575646,21-05-25
,,3/26/2021,Monday,2.246891921,21-02-04
MRO,FJD,4/13/2021,Friday,7.089622941,20-02-02
SDG,NOK,1/4/2021,Tuesday,6.655340273,21-01-09
UAH,EUR,10/20/2020,Tuesday,8.443724372,21-07-19
GBP,USD,1/28/2020,Wednesday,9.675094309,20-01-29
USD,GYD,2/8/2021,Friday,1.862324408,20-01-23
UGX,JOD,10/10/2021,Tuesday,1.77094865,20-07-28
,KYD,1/25/2021,Monday,10.21215075,20-12-18
XCD,XCD,5/29/2020,Wednesday,5.633513482,21-12-29
MYR,MRO,12/14/2020,Friday,8.012737322,21-01-03
CAD,HUF,5/9/2021,Monday,9.366280011,21-02-06
USD,XCD,3/19/2020,Sunday,6.055017948,20-05-16
CZK,USD,2/17/2020,Saturday,6.274525385,21-09-13
XOF,EUR,1/13/2020,Saturday,2.538532054,20-10-20
XAF,LRD,6/26/2020,Thursday,5.613176469,20-12-16
GEL,TTD,10/5/2020,Wednesday,4.863775105,20-02-05
GYD,ISK,4/22/2020,Friday,9.3237591,20-12-14
KHR,ISK,6/16/2021,Saturday,6.910926147,21-01-06
,EUR,11/27/2020,Wednesday,1.400255905,21-08-31
NOK,GBP,2/3/2021,Monday,2.742078775,21-04-02
,EUR,11/14/2020,Thursday,7.52257256,21-07-18
BWP,XAF,10/1/2020,Monday,2.01593772,21-10-14
COP,EUR,12/23/2021,Thursday,7.535835259,21-12-17
GIP,SZL,9/5/2021,Tuesday,5.970663767,21-05-22
XAF,NPR,10/15/2021,Thursday,10.55463828,21-11-09
KRW,EUR,4/9/2020,Friday,3.987471469,20-03-30
EUR,JOD,3/30/2021,Friday,7.242120031,20-09-25
NZD,,7/25/2020,Sunday,10.61940208,20-08-02
EUR,NIO,5/5/2021,Monday,10.46162865,20-07-02
NAD,XCD,1/4/2020,Saturday,9.019730882,21-03-23
DOP,USD,4/18/2021,Wednesday,1.509657639,21-11-16
EUR,GHS,12/11/2020,Saturday,7.664110218,21-10-30
TRY,TRY,9/1/2021,Monday,9.42401536,20-03-11
COP,SSP,12/24/2021,Thursday,4.726928309,20-10-06
AWG,HTG,12/4/2021,Thursday,4.416894774,20-01-21
TZS,BZD,12/31/2021,Friday,6.875383194,21-09-23
AUD,XAF,12/8/2021,Saturday,7.513363745,20-08-22
THB,XCD,9/28/2020,Saturday,4.629920635,20-11-20
JPY,NGN,11/11/2021,Sunday,10.53387365,20-06-03
LRD,PAB,7/29/2020,Tuesday,9.904571418,20-05-10
IDR,HUF,9/24/2021,Sunday,5.932076148,21-01-31
USD,,8/7/2021,Tuesday,3.082331924,21-08-22
TRY,COP,4/17/2020,Tuesday,9.517484292,21-09-29
XCD,CLP,3/7/2021,Thursday,10.63135224,21-05-16
ILS,ILS,12/20/2020,Friday,5.708263675,21-01-31
HNL,,8/2/2021,Tuesday,4.395209273,20-08-25
ZAR,AFN,6/10/2021,Tuesday,1.097173263,20-03-18
CNY,,6/26/2021,Saturday,1.941162736,20-12-10
ZAR,,11/16/2020,Tuesday,3.863897596,21-06-02
AUD,MRO,11/23/2021,Tuesday,5.355475676,21-08-28
MAD,BWP,6/22/2021,Saturday,1.862847238,20-07-04
USD,BND,1/10/2021,Wednesday,3.415863562,20-02-13
KYD,BMD,4/26/2021,Thursday,6.396643567,20-06-22
EUR,CUP,12/17/2021,Tuesday,9.891672268,20-09-14
EUR,SDG,11/3/2021,Sunday,5.46033391,20-08-19
NAD,LBP,11/27/2021,Sunday,5.641923183,20-06-24
MYR,XOF,2/15/2021,Wednesday,9.132363775,20-04-19
JOD,XOF,5/21/2021,Friday,1.944381348,20-06-17
PLN,USD,4/23/2021,Friday,9.768786882,20-12-23
ERN,SOS,7/27/2020,Tuesday,2.370284626,21-10-03
GMD,HTG,12/31/2020,Thursday,8.70934112,21-05-26
OMR,USD,7/9/2020,Friday,2.543771882,20-04-12
RON,TZS,4/8/2020,Sunday,1.195448168,21-02-27
EUR,BWP,9/20/2020,Monday,1.466989789,20-03-06
DKK,GBP,4/19/2021,Saturday,3.979761339,21-12-03
USD,CVE,12/31/2021,Saturday,2.47617933,20-01-21
INR,ILS,6/12/2020,Saturday,3.147984529,21-04-08
AED,USD,3/8/2020,Friday,2.578813712,21-01-29
GBP,PAB,12/19/2021,Tuesday,1.653050963,21-10-04
GYD,BMD,12/29/2021,Sunday,1.900037429,21-01-11
GNF,SGD,9/28/2021,Tuesday,2.066479166,21-04-12
VEF,CHF,1/20/2021,Monday,4.617757075,20-10-23
EUR,EUR,11/26/2021,Friday,8.390233876,20-04-10
PEN,WST,8/16/2021,Saturday,1.239033502,20-12-02
SYP,DKK,1/6/2020,Friday,9.086128382,20-08-22
USD,BOB,10/13/2021,Monday,10.71568248,21-02-05
XPF,CUP,2/20/2021,Wednesday,6.128284197,20-05-26
AED,XOF,10/15/2021,Saturday,1.690258601,20-04-02
SGD,GBP,9/27/2021,Monday,5.086038992,20-03-14
ILS,EUR,2/21/2021,Thursday,5.371235723,21-04-11
EUR,BHD,12/17/2021,Thursday,3.867233757,21-03-10
,SHP,8/12/2020,Monday,9.656923392,21-02-04
USD,SHP,10/25/2020,Friday,8.017650744,20-08-23
GBP,JOD,10/15/2020,Sunday,1.152337065,20-06-18
GGP,SGD,10/5/2021,Saturday,10.93513493,21-06-10
ETB,FKP,1/30/2021,Friday,5.394388496,20-03-01
TOP,GBP,12/7/2020,Wednesday,10.83291625,21-04-27
XCD,SAR,9/10/2021,Tuesday,3.143845121,20-09-29
LAK,BWP,4/20/2021,Wednesday,5.829510031,21-02-04
CLP,MGA,1/6/2021,Thursday,10.78461726,20-05-19
EUR,XOF,12/6/2021,Saturday,3.419290385,20-10-29
EUR,SLL,5/23/2020,Sunday,3.087391563,20-12-04
KMF,GBP,7/14/2020,Friday,4.681550932,21-05-14
IQD,GBP,3/19/2020,Tuesday,9.827499929,21-03-29
XCD,TTD,8/30/2021,Saturday,2.302026375,20-04-07
EUR,KPW,9/26/2021,Thursday,8.499494256,20-07-14
EUR,EUR,9/22/2021,Thursday,1.709604612,20-06-10
EUR,KGS,7/11/2020,Wednesday,2.340951844,21-02-12
,EUR,5/24/2021,Saturday,6.763230526,20-11-28
XCD,ANG,11/17/2020,Saturday,2.008080722,20-02-14
PKR,ANG,7/30/2021,Thursday,3.208745686,21-11-07
MYR,UAH,12/22/2021,Wednesday,4.306443876,21-06-14
UZS,SGD,5/29/2021,Sunday,10.79565225,21-01-02
,NZD,6/18/2021,Thursday,3.210403756,21-07-13
,ISK,9/22/2021,Thursday,2.501954003,20-04-11
VUV,AOA,5/31/2020,Wednesday,6.595909635,20-06-17
none,CDF,3/6/2021,Sunday,7.412730138,21-01-05
EUR,USD,4/6/2021,Tuesday,4.399807944,20-02-21
ISK,GEL,1/15/2021,Friday,10.68364799,21-02-24
LYD,BND,11/5/2021,Thursday,10.00019356,21-06-20
RUB,LKR,9/7/2020,Wednesday,6.864656281,21-12-31
,ETB,3/28/2021,Monday,4.578029738,20-06-01
FJD,BIF,3/3/2020,Saturday,1.440104086,20-02-14
MVR,USD,1/14/2020,Thursday,5.601099268,21-11-26
QAR,USD,9/22/2020,Tuesday,3.668539635,20-04-30
THB,XAF,10/13/2020,Tuesday,2.134351593,20-09-28
RON,RUB,10/16/2020,Monday,8.75802679,21-03-30
RUB,USD,9/22/2021,Monday,2.717570665,20-11-04
GNF,MAD,4/21/2021,Tuesday,6.214677419,21-02-19
GBP,,1/3/2021,Thursday,5.144164671,21-10-04
PKR,XCD,12/31/2020,Monday,9.317644018,21-01-21
VEF,NZD,7/3/2021,Wednesday,9.304808654,21-07-03
RWF,SOS,3/11/2020,Sunday,1.097143637,21-08-24
XCD,IDR,7/17/2021,Saturday,6.469733822,20-11-20
EUR,USD,7/31/2020,Monday,6.653167904,20-09-25
SCR,CZK,8/17/2020,Tuesday,3.257782495,20-07-15
GGP,MDL,10/29/2020,Sunday,9.546059445,21-12-13
GYD,TMT,6/23/2020,Thursday,6.303595213,21-06-01
EUR,JOD,6/20/2020,Friday,5.075488961,21-04-21
LRD,ARS,2/25/2021,Wednesday,9.650968986,20-08-02
JOD,XOF,8/30/2021,Monday,1.044782861,20-05-24
BAM,,8/30/2021,Saturday,8.283356554,20-07-15
XOF,USD,2/22/2020,Wednesday,2.041078724,21-11-22
HNL,EUR,1/12/2021,Monday,9.261999479,20-10-10
JMD,GBP,3/30/2020,Monday,6.866940796,20-01-07
EUR,MRO,9/12/2021,Sunday,1.020113175,21-04-11
RUB,,2/7/2020,Wednesday,8.565889041,20-01-17
SDG,TRY,12/15/2020,Thursday,1.83114121,20-02-24
EUR,GBP,7/16/2020,Tuesday,6.518044955,20-11-19
XOF,EUR,8/11/2021,Tuesday,7.555607333,20-12-05
INR,SEK,7/26/2021,Sunday,6.452395257,21-09-29
XCD,MAD,3/14/2020,Sunday,1.009353081,21-07-01
XOF,NZD,7/27/2021,Saturday,1.922399535,20-05-16
IDR,AOA,11/20/2021,Monday,7.363844959,20-12-21
USD,SOS,6/5/2020,Thursday,8.53789348,21-05-27
EUR,BMD,1/3/2021,Wednesday,1.230125254,20-08-16
EUR,EUR,1/26/2021,Thursday,8.589050403,21-10-08
ZAR,CAD,5/22/2021,Wednesday,6.220412317,21-09-09
PKR,XOF,3/27/2020,Tuesday,4.7307455,21-04-27
DKK,none,10/27/2020,Friday,4.893037859,21-06-16
THB,TTD,5/2/2021,Monday,9.332299305,21-01-02
ANG,EUR,4/12/2021,Wednesday,10.62932249,21-05-28
ANG,GTQ,7/2/2020,Monday,8.766545679,21-04-19
GTQ,,2/19/2020,Thursday,4.276591207,20-10-26
USD,XCD,6/18/2020,Friday,7.746993435,21-01-19
MYR,UZS,7/19/2021,Thursday,8.542140014,21-08-22
USD,XOF,8/5/2020,Thursday,1.389860818,20-11-11
DOP,SGD,8/24/2020,Tuesday,3.012226824,20-04-12
EUR,XOF,6/12/2021,Thursday,4.007820164,21-10-25
SHP,EUR,9/15/2020,Wednesday,1.384416397,21-11-24
TRY,none,9/20/2020,Saturday,3.654334402,20-02-29
,FKP,1/17/2021,Sunday,9.235461156,21-01-21
MDL,DKK,11/26/2021,Wednesday,2.844259109,21-11-28
EUR,CVE,5/11/2021,Thursday,3.54428423,21-05-10
MYR,CVE,8/20/2021,Monday,3.481700788,21-02-23
USD,TJS,12/25/2021,Saturday,5.871863841,20-07-09
AOA,AUD,4/9/2020,Thursday,9.620540304,21-02-23
ZAR,EUR,10/21/2021,Sunday,6.87186417,21-01-04
EUR,KGS,12/24/2021,Monday,10.95562228,21-11-06
FKP,EUR,10/8/2021,Thursday,10.26125972,21-09-11
JMD,NOK,1/18/2020,Sunday,1.782966389,20-07-24
DJF,GBP,4/13/2020,Monday,9.41407747,21-04-23
RUB,UZS,6/18/2020,Sunday,1.771934705,21-06-26
AUD,COP,8/26/2020,Wednesday,5.730400664,20-10-20
JMD,BOB,4/19/2020,Tuesday,4.997780259,21-06-30
MNT,ALL,6/21/2021,Tuesday,6.856153243,20-10-27
AED,USD,5/13/2021,Sunday,1.987061644,21-08-09
INR,AUD,1/22/2021,Sunday,8.772558501,21-01-06
USD,FKP,4/10/2020,Friday,10.2164951,21-06-01
XOF,EUR,12/23/2020,Thursday,3.983935489,21-05-14
KES,IDR,12/19/2021,Tuesday,7.853236075,21-03-15
HUF,HTG,10/13/2020,Friday,7.597536187,21-08-23
DKK,UZS,10/30/2020,Sunday,1.389950929,20-07-21
XAF,USD,2/24/2021,Sunday,7.515595644,20-01-26
KHR,BTN,4/30/2021,Saturday,1.529002797,20-12-06
EUR,GBP,6/22/2021,Monday,10.17111286,20-09-06
AWG,CUC,1/12/2020,Saturday,10.69446881,21-11-09
MZN,TMT,8/16/2020,Tuesday,1.797838057,20-07-02
HNL,ILS,7/6/2020,Tuesday,1.811668703,21-04-22
SGD,GMD,3/26/2021,Tuesday,7.36082585,20-10-09
TOP,,4/11/2021,Tuesday,8.490473178,21-02-17
RSD,HUF,8/16/2021,Wednesday,2.330792318,20-10-03
USD,AFN,12/23/2021,Friday,3.235888814,20-09-17
ANG,AUD,12/22/2020,Tuesday,7.737822949,20-01-12
USD,PEN,8/20/2021,Tuesday,8.061068089,21-12-23
BGN,CZK,10/29/2021,Tuesday,10.68023835,20-11-21
XAF,SDG,4/17/2020,Thursday,2.347065184,21-03-26
XOF,CHF,5/8/2020,Wednesday,10.19485605,20-03-07
SSP,STD,8/22/2021,Saturday,3.373923053,21-10-27
ZMW,EUR,5/6/2020,Thursday,4.066888825,21-08-07
USD,INR,12/7/2020,Monday,8.640996663,21-08-28
EUR,KMF,9/27/2020,Tuesday,10.14814575,20-08-17
GGP,SSP,8/18/2020,Sunday,4.899618149,21-04-09
STD,SDG,9/26/2020,Saturday,2.452365414,20-04-30
UYU,EUR,7/18/2021,Tuesday,7.286577248,21-03-13
FJD,JOD,10/25/2020,Monday,10.57499943,21-05-19
CLP,SGD,3/12/2020,Saturday,5.141715118,21-04-03
HNL,none,9/1/2021,Monday,2.117812326,20-09-02
TZS,USD,7/20/2020,Saturday,3.289780944,20-06-12
KWD,SSP,5/10/2021,Monday,6.427699542,20-01-02
DZD,CVE,8/29/2020,Monday,6.54689403,20-10-03
UAH,GEL,9/7/2020,Sunday,10.47828588,21-10-02
USD,SZL,10/27/2020,Saturday,10.05301992,21-06-24
SSP,VEF,9/19/2021,Tuesday,4.718809964,20-06-29
USD,AZN,4/15/2020,Friday,7.016491007,20-06-22
KGS,HKD,12/23/2021,Saturday,3.973344021,20-02-22
CVE,GBP,3/29/2020,Sunday,4.873985491,20-04-22
GEL,ZAR,5/19/2020,Thursday,4.189787862,20-09-26
XPF,GIP,3/11/2020,Friday,2.765180274,20-01-27
MUR,,9/1/2020,Friday,6.828617917,21-08-29
FJD,,3/21/2020,Friday,8.261320466,20-10-25
HUF,STD,4/9/2021,Monday,2.48256503,20-06-05
ETB,AMD,7/25/2021,Friday,6.133820237,20-01-25
USD,JMD,9/11/2020,Thursday,8.910844322,21-02-19
MNT,BAM,7/17/2020,Wednesday,5.279717603,21-08-06
USD,CNY,11/18/2021,Wednesday,8.483316394,20-03-08
EUR,EGP,11/25/2021,Wednesday,2.450056172,21-04-06
KZT,GHS,9/27/2021,Saturday,6.733548802,21-11-13
USD,KPW,10/20/2020,Tuesday,10.2599441,20-08-30
USD,BND,11/12/2021,Tuesday,5.707001222,20-12-16
PHP,ARS,6/29/2020,Monday,9.839223325,20-01-06
PKR,PGK,11/29/2021,Saturday,4.324819217,20-02-26
WST,EUR,12/15/2021,Sunday,1.49718857,21-02-18
,CZK,6/19/2020,Wednesday,8.214544986,21-12-09
SLL,DKK,11/5/2020,Saturday,1.604519234,20-04-06
HNL,GBP,3/14/2021,Sunday,3.543476982,21-10-18
MMK,,2/1/2021,Sunday,2.971638516,21-04-11
MRO,BIF,2/10/2021,Sunday,7.090850722,21-12-19
USD,CZK,2/8/2021,Thursday,5.585435772,20-07-29
CNY,NZD,9/28/2020,Wednesday,8.698310526,21-12-18
NZD,BAM,4/20/2020,Saturday,3.9590993,20-12-30
BAM,PEN,3/16/2020,Saturday,3.416380678,20-02-18
SLL,,12/11/2021,Monday,3.334132797,21-06-03
GBP,,2/9/2021,Tuesday,7.193700155,20-11-21
XAF,SEK,4/18/2021,Sunday,8.788959159,20-05-10
ILS,,5/4/2020,Monday,3.769565912,21-02-20
BYR,MYR,10/9/2020,Friday,5.511950917,21-06-26
BGN,MYR,3/12/2021,Tuesday,5.858246472,21-05-06
GIP,BWP,1/8/2021,Wednesday,3.965497204,20-03-18
DZD,,8/23/2020,Monday,9.138986543,20-04-01
TND,EUR,6/10/2021,Monday,4.677187929,21-11-07
RUB,AMD,9/14/2021,Wednesday,1.191307482,21-08-23
BYR,BWP,7/4/2021,Thursday,9.295735731,20-03-23
XCD,CHF,12/2/2020,Monday,5.114642312,20-05-16
GBP,KZT,10/8/2021,Wednesday,3.813408096,20-06-29
AED,USD,3/2/2020,Monday,5.848089574,20-02-23
TND,EUR,2/12/2020,Sunday,9.100748299,21-05-11
USD,AMD,1/4/2021,Friday,2.280948478,21-02-15
SRD,ISK,3/9/2020,Monday,10.265078,20-11-06
EUR,GNF,4/3/2021,Monday,6.198973555,21-02-14
XOF,PHP,2/10/2020,Thursday,3.09921875,21-03-21
PGK,GGP,10/12/2020,Sunday,3.087397224,20-09-20
UYU,KHR,8/15/2021,Wednesday,3.919058834,20-02-11
DKK,GMD,8/7/2021,Sunday,3.089983396,20-06-24
EUR,,1/7/2021,Saturday,1.89798876,21-09-25
EUR,BND,10/18/2021,Thursday,3.222531423,21-02-25
ZAR,SDG,6/27/2020,Wednesday,6.661244203,21-10-26
USD,,1/1/2021,Wednesday,1.178383625,20-08-20
XPF,HTG,11/4/2020,Friday,5.575620649,21-12-11
SHP,VUV,6/24/2021,Tuesday,10.82328666,20-01-19
GYD,GHS,12/12/2020,Thursday,7.055014458,20-04-09
CHF,none,9/17/2021,Friday,10.51220738,21-06-28
EUR,EUR,7/4/2020,Thursday,8.764891644,20-01-14
,GBP,12/24/2021,Tuesday,3.648806378,20-10-19
EUR,TJS,10/5/2021,Wednesday,3.583286974,20-03-24
USD,USD,6/28/2020,Thursday,5.390512695,20-12-16
BOB,XPF,4/29/2021,Wednesday,9.572752609,20-11-10
RSD,XCD,6/2/2021,Saturday,6.458115571,21-03-31
BDT,EUR,6/12/2020,Sunday,3.35215532,21-10-04
IDR,CVE,3/5/2021,Thursday,10.45851803,21-09-05
USD,NGN,7/23/2021,Wednesday,7.159527113,21-04-26
MKD,,2/28/2021,Wednesday,2.48260451,20-07-06
SOS,XAF,6/23/2020,Monday,2.901439684,21-12-01
ERN,USD,10/15/2020,Saturday,10.96625751,20-03-19
BAM,QAR,5/26/2021,Monday,3.287991948,20-04-28
RSD,BWP,1/19/2021,Thursday,7.253826084,20-05-13
MAD,EUR,10/31/2021,Friday,4.75350155,20-02-26
UYU,EUR,4/13/2020,Tuesday,8.14917273,21-12-11
USD,MAD,1/22/2020,Tuesday,6.21046266,20-10-11
XCD,USD,11/3/2021,Sunday,2.044983985,21-06-30
XCD,USD,10/5/2020,Thursday,7.611087745,20-06-04
STD,USD,7/16/2021,Monday,9.23278808,21-04-14
,DOP,7/9/2021,Wednesday,6.551447277,21-12-17
MUR,EUR,11/10/2020,Wednesday,10.88416657,20-11-04
EUR,JMD,10/3/2021,Monday,2.819244494,21-11-05
XOF,,7/20/2020,Tuesday,3.598511368,21-12-07
BMD,SAR,2/21/2020,Saturday,2.907786351,21-05-20
XCD,VUV,7/18/2020,Monday,10.46232142,20-06-24
BDT,SRD,6/25/2021,Sunday,6.905949774,20-05-21
,GBP,7/20/2020,Wednesday,4.960683726,21-08-31
KHR,MGA,8/30/2020,Wednesday,4.789745993,21-08-14
ANG,WST,9/23/2020,Wednesday,8.968090903,20-04-01
CLP,SZL,8/31/2021,Tuesday,3.958059282,20-06-11
PHP,RUB,5/10/2020,Monday,2.543979939,20-11-10
INR,WST,9/10/2020,Tuesday,10.04258836,20-05-17
HTG,MOP,5/4/2020,Friday,3.964986241,20-04-29
XPF,DKK,11/3/2020,Wednesday,3.040675685,20-08-22
LBP,EUR,8/10/2020,Tuesday,2.440450117,21-09-16
AZN,EUR,5/25/2020,Saturday,4.976059374,20-05-12
IRR,MXN,7/28/2021,Monday,9.08197648,21-11-05
GTQ,KZT,4/15/2021,Thursday,7.104594024,21-11-20
EUR,EUR,6/21/2020,Monday,7.984470711,20-08-10
EUR,,11/14/2021,Thursday,6.365470581,20-08-13
RUB,EUR,4/21/2020,Monday,8.128407526,21-06-13
ISK,EUR,7/16/2021,Monday,1.099905721,21-12-14
XOF,ILS,6/21/2021,Wednesday,4.721211663,20-07-09
BGN,MKD,3/28/2020,Wednesday,10.82019834,21-03-14
RON,INR,4/1/2020,Thursday,1.532707841,20-12-29
STD,SHP,9/15/2020,Thursday,6.351684437,20-08-24
RUB,ZAR,4/7/2020,Saturday,6.332535205,20-07-11
EGP,UGX,3/13/2020,Friday,1.376108727,20-11-17
BND,AUD,12/21/2020,Saturday,6.490003751,21-05-28
AMD,CAD,11/10/2021,Tuesday,5.820946428,20-04-25
CAD,ERN,10/20/2020,Friday,8.013276823,20-06-17
ISK,XCD,2/4/2021,Monday,5.083463292,21-08-01
GNF,,7/5/2021,Thursday,1.893507551,21-01-01
INR,BSD,2/18/2020,Saturday,5.408774911,20-09-05
BOB,RUB,7/23/2021,Friday,7.973492812,20-11-30
MWK,EUR,1/15/2020,Wednesday,3.244341048,20-09-18
UZS,HKD,7/2/2021,Wednesday,3.834752261,21-04-12
XAF,ILS,10/19/2020,Monday,8.521706313,21-07-12
LRD,HTG,1/30/2021,Saturday,3.906989762,21-08-27
BRL,JPY,8/9/2021,Saturday,1.706561637,20-07-16
GEL,GHS,10/9/2021,Thursday,10.54102459,21-12-25
USD,XAF,9/23/2021,Sunday,5.849744231,21-03-02
UYU,NOK,10/21/2021,Friday,6.074232635,20-04-17
CZK,USD,1/2/2021,Wednesday,7.020926967,20-05-16
KMF,,8/25/2020,Saturday,3.645863332,20-06-23
SGD,CRC,6/5/2020,Sunday,6.964027957,20-08-13
GBP,EUR,5/8/2020,Friday,8.138055982,21-06-17
XAF,EUR,5/17/2021,Sunday,4.670270591,20-03-16
KHR,NZD,4/2/2020,Thursday,8.907544687,20-11-09
RWF,INR,4/23/2021,Monday,3.954392232,20-02-15
USD,GGP,9/6/2021,Friday,6.96059978,20-04-23
GBP,USD,6/27/2020,Tuesday,9.79665196,21-08-21
KES,TRY,5/27/2020,Wednesday,9.259775132,21-11-26
ZAR,MXN,9/6/2020,Saturday,5.027506383,21-03-03
IQD,CZK,3/23/2021,Thursday,8.093364844,20-03-04
USD,NZD,12/6/2021,Monday,10.70077777,20-04-03
JOD,BTN,11/30/2020,Thursday,5.300709383,21-05-16
IDR,PAB,9/5/2020,Monday,5.274331406,21-06-22
VND,CLP,10/15/2021,Tuesday,6.973233065,20-03-22
,HNL,6/3/2021,Wednesday,5.123050382,20-02-08
,PGK,11/22/2021,Tuesday,2.261474494,21-02-14
KHR,EUR,8/27/2021,Wednesday,1.492015283,21-05-29
LYD,BGN,7/28/2021,Wednesday,10.31656684,21-01-27
,TZS,6/19/2020,Tuesday,9.657159283,20-01-03
CLP,SOS,4/12/2020,Thursday,10.87581064,20-09-16
AMD,,5/22/2020,Sunday,6.533961492,20-07-15
KGS,KES,1/18/2020,Sunday,7.47610351,20-12-22
GMD,,9/14/2020,Sunday,6.03530638,20-02-16
KHR,BZD,6/27/2021,Wednesday,7.465318897,20-05-05
JMD,DKK,2/14/2021,Saturday,3.329066584,20-05-06
,BDT,1/1/2021,Wednesday,6.817941912,20-06-08
XPF,TOP,12/7/2020,Thursday,4.319751847,21-11-08
XCD,USD,9/30/2020,Monday,10.66617772,20-01-14
EUR,LYD,9/8/2021,Sunday,7.700838295,20-03-25
HTG,HKD,3/26/2021,Tuesday,2.00790493,20-09-28
ILS,GMD,4/25/2020,Tuesday,9.899399766,20-11-25
UZS,XOF,9/23/2021,Tuesday,10.07396009,21-12-29
GNF,SGD,8/11/2020,Sunday,5.170485585,20-12-04
MGA,SBD,7/17/2020,Wednesday,3.415722632,20-04-13
AUD,RUB,7/3/2021,Saturday,3.706971948,20-09-27
USD,SBD,5/14/2020,Sunday,9.399613025,20-09-10
UGX,UYU,3/24/2021,Sunday,7.697355354,20-08-10
STD,AFN,10/31/2020,Thursday,3.933972727,21-09-08
MMK,HRK,2/13/2020,Sunday,1.746333569,20-01-16
XAF,BOB,6/26/2020,Thursday,9.267208687,21-01-06
HUF,NOK,7/18/2021,Saturday,7.179907767,20-09-28
RUB,ZAR,9/26/2020,Saturday,10.72731427,21-06-09
XCD,BMD,12/8/2021,Thursday,3.584366995,21-01-10
MVR,EUR,9/18/2020,Saturday,5.473297767,20-07-16
KPW,LKR,9/1/2021,Thursday,6.896946102,21-11-25
,AMD,5/11/2020,Tuesday,10.98300976,22-01-01
PYG,TND,2/28/2020,Wednesday,9.717690402,21-06-20
SYP,EUR,11/27/2020,Sunday,2.311208885,21-03-15
ISK,AOA,12/11/2020,Wednesday,2.881938269,20-01-06
,XPF,7/13/2021,Thursday,7.553168046,20-11-27
XOF,XCD,10/28/2021,Thursday,7.170555081,21-01-03
ZAR,CLP,6/28/2021,Tuesday,9.146676108,20-02-22
FJD,EUR,10/26/2020,Friday,1.638963951,20-01-22
,HUF,3/14/2020,Thursday,2.068611929,20-09-22
STD,MGA,7/3/2021,Wednesday,9.395219587,21-02-14
LSL,ANG,3/31/2021,Friday,7.842645377,21-09-14
GBP,SCR,8/14/2020,Saturday,2.217431274,20-06-18
ISK,EUR,5/15/2021,Tuesday,6.762904247,21-11-28
,KHR,11/13/2020,Thursday,7.969603651,20-11-21
SGD,AZN,2/27/2020,Tuesday,5.185288072,20-10-08
XPF,INR,6/13/2020,Saturday,10.80723955,20-09-13
MOP,XCD,9/25/2021,Friday,10.21245879,21-01-30
XPF,,12/20/2020,Sunday,1.546940117,21-07-03
AZN,EUR,6/10/2020,Friday,8.610724208,21-04-14
,MNT,4/4/2020,Monday,7.279714973,20-08-25
MAD,JPY,2/17/2021,Sunday,6.690867892,21-04-22
BAM,MXN,3/9/2020,Thursday,2.615631129,21-03-15
KYD,none,1/21/2021,Tuesday,8.850353836,20-03-11
EUR,AUD,5/7/2020,Wednesday,1.31474751,21-01-22
KWD,,6/28/2021,Sunday,9.536873521,21-05-11
UZS,IRR,4/23/2020,Saturday,1.87847974,20-03-28
EUR,EUR,1/3/2020,Wednesday,3.195908158,20-10-03
INR,GBP,5/20/2020,Monday,2.185607943,20-02-16
EUR,,7/13/2020,Friday,6.811329016,21-01-22
FKP,NAD,3/27/2021,Tuesday,4.679704122,20-02-14
BWP,TND,6/28/2020,Saturday,7.542623917,21-10-22
KWD,EUR,10/5/2021,Friday,10.77391346,20-05-16
JPY,PKR,10/22/2021,Saturday,2.627532169,20-06-18
AWG,XCD,5/14/2021,Monday,10.45383717,21-09-24
CRC,AFN,7/16/2021,Sunday,2.70123351,20-05-16
EUR,FJD,5/31/2020,Thursday,2.623302325,21-03-22
SHP,RUB,11/12/2020,Thursday,5.410458505,21-09-03
GBP,LRD,7/28/2021,Thursday,5.541011611,20-03-08
RSD,XOF,9/16/2020,Wednesday,10.97344,20-10-28
XPF,XOF,8/16/2021,Saturday,7.630845549,21-11-27
RUB,EUR,10/8/2021,Monday,5.90952216,20-01-16
KZT,TZS,11/1/2021,Wednesday,10.56565091,21-03-08
EUR,DJF,5/15/2021,Wednesday,8.550361009,21-12-24
SGD,EUR,9/28/2021,Sunday,5.521141475,20-02-05
EUR,AMD,4/22/2021,Wednesday,7.863809212,20-04-18
MRO,GHS,4/1/2020,Saturday,1.305274797,20-04-27
EUR,USD,7/29/2020,Thursday,7.659815612,20-01-17
SHP,XCD,4/7/2021,Thursday,3.857710692,20-06-30
CAD,MDL,1/3/2020,Tuesday,4.778357536,21-03-23
MDL,TMT,10/13/2020,Friday,1.34796216,20-07-05
BRL,KMF,5/9/2021,Friday,8.574240716,20-06-22
JOD,XCD,7/13/2020,Saturday,6.389912043,21-07-02
,EUR,3/4/2021,Wednesday,4.066695515,20-09-19
,LRD,3/11/2020,Sunday,1.380427777,20-07-28
XPF,AWG,9/3/2021,Monday,2.366767538,21-05-20
RUB,,1/14/2021,Tuesday,2.836080258,20-06-13
IQD,CLP,8/20/2021,Saturday,10.63191059,20-05-23
XAF,LBP,1/20/2021,Saturday,4.759646329,20-09-13
USD,DJF,6/25/2020,Thursday,7.867236153,20-12-14
GEL,XAF,6/24/2020,Thursday,8.269569865,21-12-14
TRY,USD,12/9/2020,Monday,1.174718318,21-03-26
JOD,PEN,12/23/2020,Sunday,1.37013851,20-03-20
EUR,PGK,6/21/2020,Monday,3.592958557,21-09-18
DZD,NZD,1/27/2021,Thursday,5.605721723,21-08-24
AWG,SYP,10/2/2021,Wednesday,3.175038645,20-02-04
TZS,MZN,4/5/2021,Saturday,4.974669934,21-07-15
SHP,,1/6/2021,Monday,9.736773066,20-07-01
CRC,XOF,5/23/2020,Sunday,8.089549837,21-08-07
SHP,,10/4/2020,Friday,9.759514488,20-11-17
,DKK,12/12/2020,Saturday,10.54332594,21-12-20
TOP,,12/30/2021,Thursday,2.972537467,20-03-02
BND,USD,2/25/2020,Wednesday,8.331486763,20-05-19
none,EUR,11/4/2020,Monday,3.14191721,20-04-25
USD,CHF,6/12/2020,Thursday,3.762238768,21-05-13
SZL,LBP,9/10/2020,Wednesday,4.612950494,20-04-25
AUD,NOK,12/19/2021,Tuesday,8.11450342,21-03-31
DZD,,9/15/2020,Sunday,6.486793772,20-01-17
EUR,SAR,5/28/2020,Thursday,4.501705886,21-03-13
none,ERN,2/3/2021,Monday,9.573691155,21-08-10
XCD,CZK,7/5/2021,Monday,10.60866942,21-06-16
GBP,TOP,7/11/2021,Monday,5.970906453,21-03-03
,USD,6/25/2020,Wednesday,2.265038771,21-07-05
TOP,BMD,9/11/2021,Thursday,5.312825304,20-11-03
NGN,CRC,6/22/2021,Thursday,4.703035414,20-10-24
BND,,1/15/2021,Monday,4.616603486,21-02-03
XOF,XCD,12/19/2021,Thursday,7.187077469,20-08-27
SHP,GYD,10/3/2021,Tuesday,4.238811338,21-04-23
EUR,SHP,4/11/2020,Wednesday,7.962850091,21-07-24
KMF,KRW,5/14/2020,Friday,10.83566335,20-01-06
CZK,EUR,4/17/2020,Thursday,6.511570014,21-01-28
,ILS,12/14/2020,Tuesday,2.894129634,21-08-09
NZD,USD,2/21/2021,Thursday,3.930423545,20-08-02
USD,TJS,12/7/2020,Thursday,9.465476089,21-06-12
SHP,MVR,5/3/2021,Sunday,10.81046875,20-07-03
ZAR,XAF,2/20/2020,Thursday,9.843769342,20-08-09
SHP,BND,7/21/2021,Saturday,4.436346792,21-01-20
RUB,RON,7/3/2020,Friday,10.78725366,20-04-25
EUR,MZN,11/9/2020,Tuesday,3.897639869,20-05-19
XOF,PEN,9/9/2020,Thursday,1.329486125,21-02-16
GTQ,GBP,2/13/2020,Friday,7.366773119,20-11-10
,MYR,9/18/2021,Monday,6.06152405,20-02-19
IQD,GBP,8/10/2020,Tuesday,3.536013742,21-06-12
MXN,RWF,8/25/2021,Sunday,5.956288865,20-09-22
UAH,CRC,3/9/2021,Thursday,7.629380736,21-06-27
MRO,MUR,5/28/2021,Sunday,8.680766008,21-01-20
OMR,GHS,3/27/2020,Monday,2.948927731,21-06-20
XPF,EUR,4/24/2021,Sunday,5.629970943,20-04-21
,BZD,6/7/2021,Sunday,4.199654951,20-09-16
BRL,XCD,9/18/2021,Sunday,8.940708325,21-08-28
AOA,TZS,7/4/2021,Monday,5.007473667,20-07-05
KYD,MWK,8/13/2021,Thursday,9.575791951,21-06-17
ANG,XCD,3/25/2020,Tuesday,6.543435662,21-05-16
SBD,USD,10/11/2021,Saturday,6.281233071,21-12-17
,LRD,1/3/2020,Sunday,9.344892429,20-04-13
LYD,DZD,8/23/2021,Friday,5.417238732,21-11-06
RWF,CVE,5/21/2020,Monday,1.329737042,21-08-18
ILS,USD,7/16/2020,Saturday,6.268337555,20-02-08
XAF,MWK,2/25/2020,Monday,8.397595194,20-10-27
XPF,,4/19/2021,Saturday,7.219498215,20-03-14
BND,VUV,9/27/2020,Saturday,6.315675569,21-10-29
EUR,ARS,12/21/2021,Sunday,4.853548083,20-04-12
,AUD,11/23/2021,Monday,9.874105592,21-01-06
HKD,,10/16/2020,Saturday,3.961688267,21-02-12
THB,TRY,9/30/2021,Friday,9.930488786,21-11-28
AMD,,5/18/2021,Tuesday,8.00563121,21-07-29
SGD,,7/10/2021,Sunday,7.639385861,21-07-24
EUR,PLN,10/11/2021,Wednesday,6.893611857,21-08-20
AMD,GBP,4/10/2020,Thursday,10.16022233,20-02-10
INR,DKK,2/14/2020,Monday,5.304460721,21-12-30
DOP,none,12/30/2020,Friday,4.400371005,20-12-04
AUD,GYD,6/25/2021,Tuesday,5.834723088,21-06-06
EUR,XOF,3/22/2020,Monday,3.280327226,20-08-25
MMK,NZD,1/19/2021,Monday,9.310699958,20-09-07
KPW,ISK,1/28/2021,Sunday,1.034699564,20-01-09
XAF,BGN,1/20/2021,Friday,6.599887143,21-11-13
DOP,SGD,10/13/2021,Sunday,4.204889734,21-05-26
JMD,MAD,2/11/2021,Saturday,2.301940306,21-02-22
EUR,TZS,11/17/2020,Saturday,2.16015482,21-10-07
ISK,AUD,2/11/2021,Thursday,6.172134208,20-06-10
PAB,SAR,8/22/2021,Wednesday,5.006101077,20-01-12
AZN,CUC,10/11/2020,Sunday,9.957443648,21-08-13
KWD,TWD,12/20/2021,Monday,5.334209951,20-01-18
OMR,XPF,7/10/2020,Sunday,9.905470796,20-04-17
VUV,RSD,11/3/2021,Monday,9.820613911,20-04-29
GYD,,10/4/2021,Wednesday,3.524261253,21-06-15
TRY,MOP,4/3/2020,Wednesday,10.50785795,20-10-19
RUB,,1/1/2022,Tuesday,5.91832961,20-11-30
XCD,ZAR,10/2/2021,Saturday,2.226394123,20-03-09
SAR,KGS,2/20/2020,Wednesday,4.906420458,21-09-10
XPF,GNF,11/21/2021,Wednesday,1.257927656,21-02-19
PGK,ISK,4/24/2020,Friday,7.582040019,21-05-21
CHF,GBP,9/4/2021,Friday,1.432097191,21-02-17
XOF,ANG,6/24/2020,Tuesday,4.710829026,20-04-30
ILS,USD,5/24/2021,Monday,1.48667018,21-08-17
EUR,MAD,10/15/2020,Saturday,1.719005449,20-01-24
INR,KZT,12/3/2020,Tuesday,6.223438284,20-10-12
XOF,ERN,6/7/2020,Friday,9.003002759,21-08-01
GTQ,XCD,12/6/2020,Monday,6.478098201,20-03-21
BYR,,12/11/2021,Tuesday,3.031088629,21-11-01
QAR,,9/1/2020,Thursday,5.448599266,21-12-23
EUR,USD,10/1/2021,Friday,2.272911119,20-10-15
ARS,LKR,3/10/2021,Tuesday,4.30989315,20-01-03
MAD,EUR,5/1/2020,Monday,1.531590464,20-08-12
EUR,MGA,1/15/2021,Tuesday,6.279113468,20-02-08
COP,MVR,8/22/2021,Saturday,4.720072006,20-10-14
VEF,KYD,9/16/2020,Sunday,9.108993653,21-08-21
GNF,SHP,6/28/2020,Sunday,1.992309795,21-09-24
DKK,NIO,11/5/2021,Saturday,6.235869269,21-08-23
THB,EUR,10/15/2021,Saturday,4.993364045,20-05-04
USD,SAR,2/24/2020,Sunday,1.363891082,20-10-01
ERN,BBD,7/29/2021,Thursday,4.057555169,20-03-03
SEK,USD,11/4/2020,Thursday,5.261469416,20-07-29
CDF,USD,6/27/2021,Wednesday,2.166653819,21-11-15
CUP,GYD,12/11/2020,Wednesday,1.090539354,21-02-19
CLP,XCD,8/20/2020,Saturday,10.56824623,20-03-13
EUR,GIP,2/5/2020,Friday,7.511630356,21-10-13
AWG,ZAR,8/2/2021,Sunday,7.703859043,20-01-01
MAD,CUC,5/14/2021,Sunday,10.48478775,20-08-02
RON,KHR,7/2/2020,Monday,7.347571441,21-08-01
MVR,,5/12/2020,Saturday,1.850135378,20-08-20
,BAM,2/20/2020,Thursday,6.844450087,20-06-09
MZN,EUR,7/5/2020,Thursday,8.227632248,21-06-25
EUR,USD,8/17/2020,Wednesday,1.791234728,21-09-10
ZAR,HNL,8/30/2021,Tuesday,8.842200116,21-07-08
MOP,KPW,10/29/2020,Tuesday,5.536512209,21-11-13
JOD,,7/15/2020,Wednesday,10.37116164,20-06-26
BWP,,12/2/2020,Wednesday,8.170561896,21-03-30
TND,,12/6/2020,Saturday,2.067350427,21-08-16
EUR,none,2/10/2021,Saturday,10.000979,21-11-17
XPF,,12/23/2021,Wednesday,3.906267388,21-04-19
XCD,RUB,3/16/2020,Wednesday,10.03713045,21-03-04
,EUR,5/28/2021,Tuesday,8.011634495,20-04-06
USD,HUF,7/11/2021,Monday,8.809254266,21-09-14
ANG,AOA,4/9/2020,Sunday,1.933284653,21-10-20
NGN,KRW,2/13/2021,Saturday,9.893397437,20-11-29
EUR,EUR,1/8/2020,Tuesday,7.894028111,20-04-08
RUB,BWP,8/1/2020,Sunday,9.865669147,21-02-06
ANG,,10/14/2021,Wednesday,6.532809676,21-06-23
GGP,IQD,1/20/2020,Saturday,2.176397834,20-06-03
,UAH,7/4/2020,Sunday,1.691717451,20-01-11
HUF,EUR,4/25/2020,Wednesday,4.230015111,20-02-09
AFN,HTG,5/29/2020,Friday,4.531422264,20-04-28
AMD,EUR,7/9/2021,Sunday,2.928581053,21-02-23
CHF,,2/12/2020,Saturday,3.687815778,20-10-08
,USD,4/12/2020,Monday,9.032632798,20-12-26
AFN,,4/15/2020,Tuesday,6.576796398,20-12-28
XAF,ETB,11/19/2020,Wednesday,5.0794499,21-11-24
TRY,ZAR,4/26/2021,Sunday,3.839143563,20-05-07
EUR,GGP,12/26/2020,Tuesday,7.95902425,20-12-30
AUD,TOP,5/29/2021,Monday,4.032368178,21-07-19
UZS,XOF,5/25/2020,Sunday,6.627400045,21-10-24
PAB,GBP,5/14/2021,Saturday,4.01563372,20-11-01
EUR,XCD,5/31/2020,Monday,8.181146966,20-04-01
AMD,XAF,8/7/2020,Saturday,6.657175604,20-07-07
BND,XCD,6/10/2021,Sunday,7.922396368,20-05-30
RUB,EUR,4/8/2021,Sunday,2.175166726,20-08-07
MAD,DKK,11/3/2021,Tuesday,4.159724402,21-05-06
NZD,AMD,10/15/2020,Monday,7.322105543,21-01-17
ZAR,LYD,8/21/2021,Sunday,4.860424072,21-07-30
EUR,GHS,6/13/2020,Thursday,1.967771506,21-10-05
,,3/24/2020,Sunday,8.084427418,20-10-22
MNT,MRO,10/13/2021,Wednesday,4.497011948,21-03-30
EUR,MWK,1/2/2021,Monday,8.882509757,20-10-03
EUR,JPY,6/12/2020,Tuesday,3.483363587,20-07-15
MWK,XCD,1/11/2020,Monday,3.946962643,20-03-24
EUR,BBD,11/13/2020,Friday,9.1906252,20-06-17
JOD,AUD,1/16/2020,Wednesday,5.091113942,20-04-28
IRR,PAB,10/14/2020,Monday,9.242485453,20-08-19
,MVR,4/11/2021,Sunday,7.181416367,20-04-03
EUR,EUR,7/29/2020,Wednesday,6.192741351,21-11-18
DOP,USD,8/21/2021,Monday,8.872093141,21-09-18
EUR,NZD,3/17/2021,Thursday,4.430552981,21-04-05
JOD,MRO,4/12/2021,Friday,8.080727441,21-05-21
,USD,4/14/2021,Friday,4.290909817,21-04-30
FKP,AZN,1/18/2021,Monday,3.810665297,21-01-14
USD,PYG,3/11/2021,Thursday,9.726457298,20-12-10
DZD,EUR,1/5/2020,Saturday,3.387515559,20-11-19
ERN,BGN,2/10/2020,Wednesday,2.751962539,21-11-27
EUR,CHF,6/9/2021,Tuesday,2.98056924,20-08-05
TMT,USD,6/30/2021,Saturday,2.977359741,21-02-23
KZT,BWP,12/6/2020,Monday,10.14542996,20-12-28
CNY,XAF,4/13/2020,Monday,1.00256908,20-08-21
,EUR,9/10/2020,Monday,10.30555576,21-11-09
LYD,USD,8/21/2020,Friday,5.316627864,20-01-15
CDF,XAF,9/8/2021,Monday,7.875468907,21-02-24
ILS,GYD,5/31/2021,Tuesday,3.379536494,21-10-18
,XAF,2/3/2021,Wednesday,6.862260348,21-08-12
BWP,TND,12/12/2021,Tuesday,3.773107145,20-05-15
AUD,ETB,12/26/2020,Sunday,3.681388653,20-07-20
GGP,BYR,12/3/2021,Tuesday,4.388527359,20-10-09
GIP,CUC,10/23/2020,Saturday,5.989375138,21-08-24
EUR,NGN,12/17/2021,Tuesday,4.335303034,20-04-27
GMD,BSD,8/13/2021,Monday,9.062904115,20-06-25
PHP,USD,9/25/2020,Tuesday,1.386534978,21-12-26
USD,TRY,4/26/2020,Friday,5.470242127,20-04-04
HRK,NIO,7/22/2021,Sunday,3.799968072,21-11-15
INR,USD,6/6/2021,Sunday,4.519506567,21-10-08
INR,ALL,1/7/2020,Sunday,10.08412948,20-09-03
SZL,NZD,3/24/2020,Sunday,10.40814399,20-11-27
RUB,MVR,1/9/2020,Monday,9.429627356,21-06-03
JOD,BAM,10/13/2020,Thursday,1.565051806,21-10-23
MDL,BWP,5/16/2020,Wednesday,8.48555955,20-08-30
none,PYG,10/8/2021,Monday,8.950618346,21-03-17
QAR,XPF,10/19/2020,Monday,10.42637053,20-01-10
SEK,BAM,1/4/2021,Saturday,7.076382485,21-03-07
USD,EUR,4/22/2021,Sunday,2.254189495,21-04-13
SOS,USD,11/27/2020,Saturday,7.680073452,20-12-17
CNY,EUR,5/5/2020,Sunday,7.811409492,21-03-29
XOF,BZD,11/2/2021,Thursday,8.447640863,20-06-14
SGD,EUR,2/27/2020,Sunday,6.297455066,21-07-26
XCD,CHF,12/21/2021,Monday,3.337382965,20-08-09
BBD,RUB,10/17/2021,Friday,9.367013811,20-03-25
XAF,EUR,1/20/2021,Thursday,1.225546494,20-02-26
CDF,TTD,11/26/2020,Wednesday,1.66345081,20-08-02
LKR,LSL,11/23/2020,Friday,5.74995578,20-01-29
CAD,BOB,4/2/2021,Wednesday,7.65373028,20-02-09
SZL,DJF,8/16/2020,Friday,4.51292827,20-04-23
YER,SDG,2/20/2021,Saturday,10.17515801,20-02-14
CNY,IRR,5/12/2020,Tuesday,7.825644786,21-04-29
LYD,KWD,5/13/2020,Tuesday,1.899767095,21-07-16
SOS,GGP,8/31/2020,Wednesday,2.520305904,20-04-16
UYU,VEF,12/10/2021,Sunday,1.018444234,20-10-27
XCD,,9/1/2020,Thursday,1.583037079,21-07-30
PKR,SGD,2/22/2021,Wednesday,4.730524023,20-03-23
CHF,EUR,4/3/2021,Monday,8.091016934,21-07-15
FJD,GGP,9/11/2020,Monday,6.599855886,20-05-05
USD,IQD,4/16/2020,Wednesday,1.638777785,20-01-02
ILS,CVE,4/23/2021,Thursday,5.430373302,21-03-19
EUR,GBP,3/30/2021,Wednesday,9.536016039,20-10-24
UZS,GBP,10/5/2021,Tuesday,4.80101904,20-08-07
GBP,SSP,8/14/2021,Tuesday,2.695955624,21-10-27
TMT,PKR,2/7/2021,Monday,4.442274268,20-02-21
INR,LKR,10/28/2021,Sunday,3.269069137,20-01-13
XCD,,11/1/2020,Tuesday,6.609789955,20-03-02
SHP,LYD,11/30/2020,Monday,5.386718468,21-12-23
IDR,COP,1/7/2021,Sunday,1.154301393,20-02-09
AFN,AMD,8/14/2020,Monday,2.53726977,20-11-23
,EUR,9/12/2020,Tuesday,2.09899303,21-05-16
IDR,CUP,10/3/2021,Monday,5.678550751,21-02-22
USD,XAF,10/10/2021,Thursday,10.34079367,21-10-23
SEK,EUR,9/13/2020,Friday,1.088327619,21-01-26
SDG,RSD,2/18/2021,Wednesday,3.7644535,21-10-14
XPF,USD,8/5/2020,Thursday,9.612471852,21-04-02
INR,CHF,10/8/2021,Sunday,9.53067607,20-10-03
HUF,BND,5/4/2021,Friday,3.238456342,20-04-09
ZAR,KGS,8/19/2021,Friday,6.505281183,20-10-19
,JPY,6/14/2021,Tuesday,5.236131318,20-10-13
,AFN,4/9/2020,Sunday,9.374313191,21-06-27
EUR,BND,11/7/2020,Sunday,2.732183247,20-06-09
CHF,USD,8/12/2021,Sunday,4.659829373,20-09-08
USD,UAH,12/12/2021,Saturday,4.876760718,21-07-13
KES,BDT,3/24/2021,Friday,1.204862658,21-02-05
,EUR,12/11/2020,Tuesday,5.226406145,21-01-14
HRK,LAK,12/23/2020,Monday,5.568603269,20-02-19
AOA,,5/29/2020,Thursday,6.943175567,21-11-28
XCD,EUR,9/11/2021,Tuesday,4.494177859,20-04-17
IQD,SLL,3/20/2020,Saturday,4.123979893,20-08-08
USD,,11/6/2020,Tuesday,9.115322575,20-01-14
EUR,JOD,2/14/2020,Wednesday,9.933684309,20-10-29
STD,PEN,3/29/2021,Tuesday,8.935936462,20-12-30
XCD,BAM,12/22/2020,Sunday,4.22182162,21-12-28
USD,BTN,5/8/2021,Monday,2.735666621,21-07-15
ARS,EUR,1/20/2020,Thursday,5.943379088,20-02-11
USD,CVE,10/4/2021,Wednesday,1.69729023,20-02-21
GBP,,1/6/2020,Monday,7.434883525,20-10-05
EUR,GTQ,10/2/2020,Sunday,1.258507546,20-08-12
WST,QAR,9/15/2020,Monday,8.499750417,21-05-17
STD,RUB,5/15/2021,Sunday,9.101891956,21-05-22
KGS,MAD,8/17/2021,Friday,8.550281136,20-02-24
KRW,EUR,12/18/2021,Monday,3.62311577,21-02-05
HNL,LKR,12/12/2020,Tuesday,2.345254289,21-03-07
XOF,KRW,11/19/2021,Friday,7.743062595,20-10-14
MYR,KMF,6/14/2021,Thursday,6.346433655,21-08-15
JMD,AUD,12/4/2021,Saturday,7.581706146,20-04-27
XPF,EUR,7/7/2021,Wednesday,8.868155771,20-04-23
none,BMD,5/13/2020,Friday,3.338868139,21-11-05
CAD,VEF,6/6/2020,Tuesday,7.574187233,21-11-06
XCD,USD,4/5/2021,Thursday,7.007483752,21-06-12
VEF,,2/1/2020,Sunday,1.936080101,21-09-19
SHP,XCD,6/8/2021,Monday,4.838583113,21-06-22
MAD,XAF,1/31/2020,Monday,6.270826585,21-09-26
BOB,EUR,8/16/2021,Sunday,10.595376,20-09-18
MDL,,8/25/2021,Thursday,1.117102019,20-02-12
INR,GEL,11/12/2021,Sunday,5.778333242,20-03-28
,LBP,4/20/2020,Friday,9.570281437,20-06-26
DZD,CZK,7/29/2020,Tuesday,3.250455783,20-06-11
BWP,CRC,3/6/2021,Monday,3.834085158,21-03-06
DJF,ZAR,2/27/2020,Tuesday,6.989655165,20-10-26
PGK,BTN,1/5/2020,Sunday,9.541933582,20-12-30
UZS,EUR,6/10/2021,Wednesday,4.72701572,21-12-14
BMD,CRC,9/18/2021,Monday,6.003033273,21-08-09
ANG,EUR,8/18/2021,Sunday,2.270049955,20-04-04
XAF,XAF,9/14/2020,Friday,3.050804687,21-07-11
IDR,,4/1/2020,Saturday,9.908721085,21-12-09
BWP,,5/20/2021,Monday,8.531919809,21-02-25
BRL,CLP,6/25/2020,Tuesday,5.206962636,21-02-22
EUR,AUD,5/1/2020,Thursday,6.12761117,21-06-25
SHP,DZD,11/4/2020,Monday,5.231589361,20-08-06
NOK,EUR,12/31/2021,Monday,3.103650554,20-09-05
GIP,EUR,12/5/2021,Sunday,10.31352125,21-12-22
,BYR,6/21/2021,Sunday,2.783278545,21-10-24
MKD,USD,7/28/2021,Thursday,10.50629539,21-06-04
BAM,XCD,4/13/2020,Saturday,10.92443538,20-11-11
BDT,,8/19/2021,Thursday,2.423777652,20-06-02
XOF,PYG,1/20/2020,Friday,6.88684458,21-10-18
KHR,,10/5/2020,Thursday,4.765420507,21-07-22
EUR,,7/24/2020,Saturday,1.355781774,21-06-23
ZAR,KPW,7/8/2021,Thursday,9.085773764,21-07-22
GEL,RUB,2/19/2020,Monday,9.019175052,21-11-23
XCD,XAF,10/24/2020,Saturday,2.807088054,20-02-17
AUD,CUC,2/26/2021,Tuesday,2.281131387,21-06-22
ILS,XCD,3/26/2020,Wednesday,3.354277743,20-05-05
,GIP,2/4/2021,Monday,4.926658229,21-12-30
DKK,XOF,12/18/2021,Thursday,10.95258167,20-10-09
ILS,RUB,5/10/2021,Wednesday,9.126362567,20-10-18
CUP,SDG,11/20/2020,Saturday,6.710677985,21-10-14
USD,BYR,3/6/2021,Thursday,2.546609491,21-04-16
MNT,WST,3/22/2021,Sunday,1.710803825,20-09-23
MMK,EUR,2/21/2021,Thursday,4.347782339,20-09-03
BSD,BZD,10/18/2021,Monday,2.188102701,21-08-11
XCD,RUB,4/30/2020,Sunday,3.410131546,21-06-10
EUR,EUR,5/31/2020,Friday,6.167958106,20-10-10
THB,NZD,3/2/2021,Sunday,7.15354168,21-04-16
AUD,TWD,9/8/2020,Tuesday,4.742539116,20-04-25
HRK,CVE,1/11/2020,Tuesday,8.578615616,20-11-25
DJF,USD,3/20/2020,Wednesday,2.658721271,21-02-09
FJD,CHF,12/11/2021,Thursday,2.488534757,20-03-28
EUR,OMR,2/13/2021,Tuesday,9.60834509,20-09-30
SRD,,6/4/2020,Saturday,3.449283791,20-03-19
CDF,,7/14/2021,Thursday,3.584391516,20-04-03
RUB,BIF,9/3/2020,Thursday,6.143535465,20-09-27
CNY,EUR,7/16/2020,Friday,8.679695215,21-02-06
USD,SLL,11/30/2020,Monday,7.87771788,20-04-18
XAF,NZD,10/17/2020,Thursday,8.287967555,20-04-26
NPR,EUR,1/29/2020,Sunday,1.973547455,21-07-24
PLN,XCD,10/11/2020,Saturday,1.396311632,20-11-09
,BND,8/30/2021,Sunday,6.384460324,20-10-07
PYG,DZD,2/17/2021,Tuesday,1.450738594,20-08-20
EUR,TRY,6/3/2020,Wednesday,9.055400204,20-10-27
MUR,BBD,2/27/2020,Friday,10.41181583,21-07-26
SHP,SYP,4/21/2020,Sunday,8.444075934,20-01-14
KWD,EUR,1/21/2021,Thursday,8.433158849,21-02-23
AOA,EUR,11/27/2020,Tuesday,6.756307302,21-07-22
GHS,PAB,3/30/2020,Sunday,5.744107211,20-10-19
SDG,EUR,11/5/2020,Thursday,10.11783229,21-02-27
XPF,NZD,11/26/2021,Sunday,6.542209778,20-02-25
BGN,TTD,12/13/2020,Monday,1.707216653,20-06-26
EUR,,3/17/2020,Thursday,9.026284511,21-10-19
EUR,CDF,5/15/2020,Sunday,1.073454161,21-05-23
EUR,AZN,10/1/2021,Thursday,6.91926334,21-01-22
USD,PAB,7/25/2021,Thursday,7.213971096,20-10-20
SGD,XOF,8/13/2020,Thursday,4.348994856,20-05-29
GHS,XOF,4/20/2020,Tuesday,6.265664814,20-04-04
AUD,ERN,5/31/2021,Wednesday,7.161576066,21-03-10
WST,AZN,9/6/2020,Sunday,3.566668974,21-11-30
XCD,KPW,8/27/2020,Wednesday,4.623384798,21-12-09
EUR,,10/14/2021,Monday,1.648286173,20-03-09
SHP,NZD,4/15/2020,Sunday,3.310732306,20-10-22
,,12/29/2021,Thursday,6.157046063,21-09-13
TMT,INR,2/10/2020,Friday,8.789357958,21-10-04
CAD,AMD,2/2/2020,Friday,2.413422814,20-06-30
USD,UZS,7/14/2020,Thursday,8.578837659,21-11-20
IDR,BMD,1/5/2020,Wednesday,10.53396141,20-10-03
XOF,SBD,2/19/2021,Wednesday,8.377172291,21-02-28
BSD,TRY,8/13/2021,Thursday,5.385663399,21-12-21
XOF,CVE,9/6/2021,Saturday,7.685917913,21-07-02
MKD,XPF,11/5/2021,Saturday,4.360542915,20-04-02
,EUR,3/27/2020,Sunday,7.907027291,21-03-26
SBD,none,5/7/2020,Tuesday,2.540111785,20-04-07
INR,,11/29/2021,Tuesday,5.410109311,21-09-28
XAF,RUB,2/24/2020,Friday,3.137111294,20-07-22
SYP,GIP,12/13/2021,Wednesday,9.673340506,21-05-24
GEL,ISK,3/21/2021,Tuesday,5.230599092,20-11-13
KPW,none,5/2/2020,Sunday,9.645438038,20-06-09
BND,EUR,2/10/2020,Tuesday,5.776696061,20-03-29
XCD,KHR,5/27/2021,Sunday,4.652377277,21-12-29
EUR,AMD,3/25/2021,Monday,3.808203638,20-11-23
ETB,,2/15/2021,Sunday,5.398293539,21-01-21
MZN,EUR,12/25/2021,Friday,8.327799726,21-05-20
USD,none,10/27/2020,Monday,5.112354727,20-05-23
DKK,XPF,12/29/2021,Saturday,1.225405673,20-03-16
,AZN,3/14/2021,Saturday,3.793285599,20-03-30
PYG,EUR,8/29/2020,Thursday,10.8304272,21-11-05
EUR,DZD,3/18/2021,Sunday,7.202248229,20-04-25
JOD,UYU,6/18/2020,Wednesday,4.40774886,20-12-11
MYR,TRY,3/19/2021,Tuesday,8.738880196,21-09-23
UAH,NAD,5/6/2020,Sunday,10.24374239,20-01-07
,none,11/23/2020,Sunday,9.501378629,20-10-12
EUR,LSL,3/15/2020,Friday,10.44653776,21-10-27
MXN,,10/27/2021,Thursday,10.2665907,21-07-22
TMT,GBP,8/14/2020,Sunday,3.597869601,21-05-03
HRK,XCD,10/31/2021,Tuesday,6.860252558,20-07-02
EUR,MUR,10/9/2021,Friday,9.837344451,20-07-05
BBD,HRK,10/19/2021,Monday,3.257317015,20-11-02
THB,,6/3/2021,Monday,7.760423442,20-01-30
CLP,GBP,9/20/2020,Friday,7.600180032,20-04-01
BZD,MDL,7/1/2021,Saturday,4.770042435,20-01-26
PGK,CDF,9/26/2020,Wednesday,10.27747028,20-01-23
PYG,BSD,9/30/2020,Monday,4.038920353,20-11-11
EUR,MXN,4/24/2021,Saturday,6.062270193,21-07-14
LAK,FKP,2/27/2021,Friday,1.856703878,20-12-17
EUR,MMK,12/21/2020,Tuesday,9.252429814,21-04-13
GGP,NZD,12/1/2021,Monday,9.875757683,20-04-30
EUR,EUR,2/27/2020,Tuesday,9.081912456,20-06-20
,XCD,12/19/2021,Friday,1.728557385,21-02-23
,USD,6/4/2020,Thursday,1.253402686,20-10-20
USD,IQD,11/14/2020,Wednesday,2.889662533,20-01-27
MAD,TMT,9/5/2020,Wednesday,4.350544589,20-06-06
,MYR,1/22/2020,Monday,5.330795028,21-06-20
